sample_type,sample_label,annotator,n_total,n_numeric,mean_rating,median_rating,sd_rating,n_not_applicable,applicability_rate
AI,VI,1,425,424,3.9127358490566038,4.0,1.2104462831084255,1,0.9976470588235294
AI,VI,2,425,425,3.931764705882353,4.0,0.8537116195834313,0,1.0
REAL,RI,1,425,414,3.821256038647343,4.0,1.181754909243176,11,0.9741176470588235
REAL,RI,2,425,417,3.9112709832134294,4.0,0.7901390858255728,8,0.9811764705882353
